,for,against,observing
Recall,0.3821428571428571,0.7176470588235294,0.09053497942386832
