,for,against,observing
Precision,0.4857142857142857,0.19133574007220217,0.3287671232876712
