,for,against,observing
Recall,0.488,0.6590909090909091,0.08045977011494253
