,for,against,observing
Precision,0.5169082125603864,0.17732558139534885,0.38596491228070173
