,for,against,observing
Precision,0.48717948717948717,0.16326530612244897,0.4489795918367347
