,for,against,observing
Precision,0.5700934579439252,0.2196969696969697,0.4117647058823529
