,for,against,observing
Recall,0.40772532188841204,0.5714285714285714,0.09954751131221719
