,for,against,observing
Recall,0.34274193548387094,0.5463917525773195,0.13333333333333333
