,for,against,observing
Precision,0.6688102893890675,0.7868852459016393,0.7469879518072289
