,for,against,observing
Recall,0.8927038626609443,0.5714285714285714,0.5610859728506787
