,for,against,observing
Precision,0.6978193146417445,0.7796610169491526,0.6929824561403509
