,for,against,observing
Recall,0.8,0.5411764705882353,0.6502057613168725
