,for,against,observing
Recall,0.8508064516129032,0.6391752577319587,0.6444444444444445
