,for,against,observing
Recall,0.88,0.6704545454545454,0.5977011494252874
