,for,against,observing
Precision,0.7455830388692579,0.8732394366197183,0.6783625730994152
