,for,against,observing
Precision,0.7308970099667774,0.8309859154929577,0.7428571428571429
