,for,against,observing
Recall,0.5857142857142857,0.2,0.3662551440329218
