,for,against,observing
Precision,0.5592592592592592,0.3793103448275862,0.4064516129032258
