,for,against,observing
Recall,0.7137096774193549,0.15463917525773196,0.4
