,for,against,observing
Precision,0.5077399380804953,0.2125,0.43414634146341463
