,for,against,observing
Recall,0.7381974248927039,0.20238095238095238,0.3755656108597285
