,for,against,observing
Precision,0.549520766773163,0.20481927710843373,0.5845070422535211
