,for,against,observing
Precision,0.5396341463414634,0.5769230769230769,0.42105263157894735
